{
    "definition": {
        "$schema": "https://schema.management.azure.com/providers/Microsoft.Logic/schemas/2016-06-01/workflowdefinition.json#",
        "actions": {
            "Response": {
                "type": "Response",
                "kind": "http",
                "inputs": {
                    "statusCode": 200,
                    "body": "Logic Apps saying hi from an ASEv3."
                },
                "runAfter": {}
            }
        },
        "triggers": {
            "manual": {
                "type": "Request",
                "kind": "Http",
                "inputs": {
                    "method": "GET"
                }
            }
        },
        "contentVersion": "1.0.0.0",
        "outputs": {}
    },
    "kind": "Stateless"
}